Cell Type,Case Sample Name,Control Sample Name,Event Type,Case Start Chromosome,Case End Chromosome,Case Event Start,Case Event End,Case Event Size,Case Molecule Count,Control Molecule Count,Found in Control
HCM,Sample8,HG002,deletion,10,10,42555782.000,42578546.000,8678.000,6.000,2.000,no
HCM,Sample8,HG002,deletion,11,11,36573020.000,36622460.000,38882.000,9.000,0.000,no
HCM,Sample8,HG002,deletion,11,11,36591383.000,36622460.000,22069.000,5.000,0.000,no
HCM,Sample8,HG002,deletion,18,18,77287230.000,77301671.000,11274.000,49.000,40.000,yes
HCM,Sample8,HG002,deletion,18,18,77287230.000,77301671.000,11280.000,44.000,21.000,yes
HCM,Sample8,HG002,deletion,2,2,113403495.000,113432558.000,23973.000,11.000,0.000,no
HCM,Sample8,HG002,deletion,2,2,18842913.000,18916892.000,60479.000,83.000,0.000,no
HCM,Sample8,HG002,deletion,2,2,90092771.000,90155985.000,39202.000,7.000,0.000,no
HCM,Sample8,HG002,deletion,22,22,22096727.000,22132829.000,32048.000,39.000,0.000,no
HCM,Sample8,HG002,deletion,22,22,22403246.000,22622723.000,219477.000,7.000,0.000,no
HCM,Sample8,HG002,deletion,3,3,66471329.000,66498525.000,25089.000,6.000,0.000,no
HCM,Sample8,HG002,deletion,3,3,70677685.000,70693647.000,11000.000,38.000,0.000,no
HCM,Sample8,HG002,deletion,3,3,70677685.000,70693917.000,11130.000,49.000,0.000,no
HCM,Sample8,HG002,deletion,5,5,158185853.000,159271805.000,1067361.000,5.000,0.000,no
HCM,Sample8,HG002,deletion,5,5,62135251.000,62200365.000,46763.000,13.000,0.000,no
HCM,Sample8,HG002,translocation_interchr,11,19,118479068.000,6268868.000,,48.000,0.000,no
HCM,Sample8,HG002,translocation_interchr,11,19,118493942.000,6276713.000,,57.000,0.000,no
HCM,Sample8,HG002,translocation_interchr,11,19,118493942.000,6329064.000,,6.000,0.000,no
HCM,Sample8,HG002,translocation_interchr,7,21,101137685.000,33578682.000,,55.000,0.000,no
HCM,Sample8,HG002,translocation_interchr,7,21,101137685.000,33583687.000,,69.000,0.000,no
HCM,Sample8,HG002,duplication_split,7,7,72436529.000,72668687.000,232158.000,44.000,0.000,no
HCM,Sample8,HG002,duplication_split,7,7,72436529.000,72668687.000,232158.000,51.000,0.000,no
HCM,Sample8,HG002,duplication_split,7,7,73067607.000,77013957.000,3946350.000,63.000,0.000,no
